run_id,fetched_at,vendor_slug,company_domain,url_from,url_to,domain_rating_source,traffic_domain,title
20260526-120722,2026-05-26T12:07:22Z,gusto,samcart.com,https://www.samcart.com/careers,https://jobs.gusto.com/boards/samcart-78702d5a-dbdb-4a45-8bfa-d3bb59e15628,85.0,30937,SamCart Careers
20260526-120722,2026-05-26T12:07:22Z,gusto,taxdome.com,https://aaatax.taxdome.com/Careers,https://jobs.gusto.com/boards/anne-arundel-accounting-and-taxes-inc-f8636424-4cff-4745-b8a1-2469b2853e63,83.0,101397,Careers
20260526-120722,2026-05-26T12:07:22Z,gusto,thegospelcoalition.org,https://www.thegospelcoalition.org/devotionals/read-the-bible/genesis-44-mark-14-job-10-romans-14/,https://jobs.gusto.com/boards/the-gospel-coalition-6c55f332-cf11-4d7a-9fe1-928e9359c03c,83.0,777786,"Read the Bible: Genesis 44, Mark 14, Job 10, Romans 14"
20260526-120722,2026-05-26T12:07:22Z,gusto,theonion.com,https://theonion.com/gene-wilders-career-in-ruins-following-death-of-richard-1819588018/,https://jobs.gusto.com/boards/the-onion-ee0d7faf-8f14-40b8-b195-c36b17d68250,83.0,133289,Gene Wilder's Career In Ruins Following Death of Richard Pryor - The Onion
20260526-120722,2026-05-26T12:07:22Z,gusto,singlegrain.com,https://www.singlegrain.com/agency/employer-branding-agency-for-saas/,https://jobs.gusto.com/boards/single-grain-llc-84e3c604-f5e6-4580-b706-2b4605d8a6c7,79.0,6944,SaaS Employer Branding Agency for Enhanced Product Reputation | Single Grain
20260526-120722,2026-05-26T12:07:22Z,gusto,businessofhome.com,https://businessofhome.com/jobs/outside-contract-hospitality-sales-representative-66014238-9f6a-4574-88cc-c58a765b12e6,https://jobs.gusto.com/boards/outova-b6b33d03-1ccf-4478-8062-8b3e689aa8f3,77.0,10285,Business of Home
20260526-120722,2026-05-26T12:07:22Z,gusto,knapsackcreative.com,https://knapsackcreative.com/join-our-team,https://jobs.gusto.com/boards/knapsack-creative-llc-67a16fd7-f84f-4f24-adb2-96c40047a485,73.0,11450,"Careers at Knapsack | Build Bold, Human-First Digital Experiences"
20260526-120722,2026-05-26T12:07:22Z,gusto,brand.site,https://brand.site/glneurocog/careers,https://jobs.gusto.com/boards/goldberg-larosa-psychology-associates-pllc-cc08a3df-5836-4013-b41e-26a5a901bc63,73.0,1006,"Goldberg & LaRosa Psychology Associates, PLLC - CAREERS"
20260526-120722,2026-05-26T12:07:22Z,gusto,naaee.org,https://jobs.naaee.org/job/nature-based-early-education-opportunities,https://jobs.gusto.com/boards/boston-outdoor-preschool-network-inc-16986758-8675-4817-80cf-e1d71c9f7607,72.0,4374,Nature-Based Early Education Opportunities | NAAEE Jobs
20260526-120722,2026-05-26T12:07:22Z,gusto,erinapp.com,https://erinapp.com/careers/,https://jobs.gusto.com/boards/erin-technologies-inc-64164bbd-f341-4627-98e3-e9d0e8386ce7,70.0,1382,Careers at ERIN: We're Hiring!
20260526-120722,2026-05-26T12:07:22Z,gusto,wdwnt.com,https://wdwnt.com/2024/07/wdwnt-is-hiring-a-social-media-specialist-4/,https://jobs.gusto.com/boards/wdwnt-llc-2404f84d-76f6-4f13-b661-3895465c807f,70.0,152789,WDWNT is Hiring a Social Media Specialist - WDW News Today
20260526-120722,2026-05-26T12:07:22Z,gusto,boomy.com,https://careers.boomy.com/,https://jobs.gusto.com/boards/boomy-corporation-0bafe65a-554b-4dbb-ba58-f2501320cff4,68.0,18615,Boomy Careers
20260526-120722,2026-05-26T12:07:22Z,gusto,dogtopia.com,https://www.dogtopia.com/rocklin/career-inquiries/canine-coach/,https://jobs.gusto.com/boards/play-all-day-llc-7757628b-0095-4187-b483-4e9acc17d63b,68.0,49428,Canine Coach - Rocklin
20260526-120722,2026-05-26T12:07:22Z,gusto,goinflow.com,https://www.goinflow.com/about-us/careers/,https://jobs.gusto.com/boards/inflow-18783138-f903-4d02-a619-96bd250bf37b,66.0,4052,About Inflow | Award-Winning Digital Marketing Agency
20260526-120722,2026-05-26T12:07:22Z,gusto,modsy.com,https://www.modsy.com/products/4009-pottery-barn-wood-gallery-single-opening-frame-5x5-(10x10-overall)-black,https://jobs.gusto.com/boards/modsy-3eb425d3-0069-4488-a57f-ce40d2611bfe,66.0,5491,Wood Gallery Single Opening Frame - 5x5 (10x10 overall) - Black | Modsy
20260526-120722,2026-05-26T12:07:22Z,gusto,kilwins.com,https://www.kilwins.com/pages/stores-near-me-atlanta-ga-30363-0095-careers,https://jobs.gusto.com/boards/clj-investments-corporation-2b18e42a-dd45-43f5-a1be-d9ec67381ecc,65.0,11902,Atlanta - Kilwins Chocolate and Ice Cream Shop Careers
20260526-120722,2026-05-26T12:07:22Z,gusto,zerogravitymarketing.com,https://zerogravitymarketing.com/we-are-hiring/social-media-strategist-04-2024,https://jobs.gusto.com/boards/zero-gravity-marketing-llc-0cc194e1-dea5-48d3-a9b6-d716a6766354,64.0,7145,
20260526-120722,2026-05-26T12:07:22Z,gusto,skiplagged.com,https://da.skiplagged.com/careers,https://jobs.gusto.com/boards/skiplagged-8d088023-586d-4ff4-8368-d691b258f2fa,64.0,244595,
20260526-120722,2026-05-26T12:07:22Z,gusto,workspot.com,https://www.workspot.com/webinars/the-benefits-of-running-siemens-nx-in-the-cloud/,https://jobs.gusto.com/boards/workspot-inc-05e095ea-0c7c-4df9-9e64-41327dba7b91,64.0,1426,The Benefits of Running Siemens NX in the Cloud | Workspot
20260526-120722,2026-05-26T12:07:22Z,gusto,darkowl.com,https://www.darkowl.com/darkowl-careers/,https://jobs.gusto.com/boards/who-is-darkowl-29ab8fbb-1a9f-4a05-8207-3ea0fadc29d5,63.0,3400,"Careers - DarkOwl, LLC"
20260526-120722,2026-05-26T12:07:22Z,gusto,seattlepride.org,https://seattlepride.org/events/breakfast-benefits-gsba-member-orientation,https://jobs.gusto.com/boards/seattle-pride-seattle-out-and-proud-foundation-5a95575e-f65f-4375-91c2-4c88e3a9be6e,62.0,5979,Breakfast & Benefits: GSBA Member Orientation | Events | Seattle Pride
20260526-120722,2026-05-26T12:07:22Z,gusto,stagescycling.com,https://stagescycling.com/en_gb/discover/careers,https://jobs.gusto.com/boards/spia-cycling-inc-4d0128a7-1937-4adf-90eb-19d9abdeae55,61.0,17581,Careers | Stages Cycling | Stages Cycling
20260526-120722,2026-05-26T12:07:22Z,gusto,prosoundeffects.com,https://www.prosoundeffects.com/careers,https://jobs.gusto.com/boards/pro-sound-effects-a587f3e8-bf47-4ee5-9387-a2a7cb1a4d5b,60.0,29271,Careers - Pro Sound Effects | Pro Sound Effects
20260526-120722,2026-05-26T12:07:22Z,gusto,feynlab.com,https://www.feynlab.com/what-is-ceramic-coating-what-are-its-benefits/,https://jobs.gusto.com/boards/feynlab-inc-00a1514b-37e8-447c-913b-8244a2ea3734,59.0,3577,What Is Ceramic Coating & What Are Its Benefits? | FEYNLAB®
20260526-120722,2026-05-26T12:07:22Z,gusto,americanwildhorse.org,https://www.americanwildhorse.org/get-involved/careers,https://jobs.gusto.com/boards/american-wild-horse-conservation-f046d620-ddf7-4763-9eaa-c233fc8df463,59.0,3095,American Wild Horse Conservation
20260526-120722,2026-05-26T12:07:22Z,gusto,lcvista.com,https://www.lcvista.com/careers,https://jobs.gusto.com/boards/lcvista-inc-a6a84189-1f76-49c3-ba56-39605b81d5c0,58.0,2768,Careers | LCvista
20260526-120722,2026-05-26T12:07:22Z,gusto,onrampfunds.com,https://www.onrampfunds.com/resources/benefits-flexible-repayments-revenue-based-financing,https://jobs.gusto.com/boards/onramp-funds-inc-88094e4e-249a-4faf-a8dd-a9b077263bfb,57.0,4398,5 Benefits of Flexible Repayments in Revenue-Based Financing | Onramp Funds
20260526-120722,2026-05-26T12:07:22Z,gusto,safeandtogetherinstitute.com,https://safeandtogetherinstitute.com/careers,https://jobs.gusto.com/boards/safe-and-together-institute-476af9be-8903-4f01-9f2f-4495aabbb928,57.0,1829,Careers — Safe & Together Institute
20260526-120722,2026-05-26T12:07:22Z,gusto,dudeperfect.com,https://dudeperfect.com/video/employee-bet-battle,https://jobs.gusto.com/boards/dude-perfect-llc-2148d39f-e2f6-40bb-b350-a60eb2eba621,57.0,20985,First To The Top Wins A Lamborghini | Battles | Dude Perfect | Dude Perfect
20260526-120722,2026-05-26T12:07:22Z,gusto,ausm.org,https://ausm.org/get-involved/job-opportunities/,https://jobs.gusto.com/boards/autism-society-of-minnesota-ausm-eae04b84-1d5d-4ed6-a4ef-2c84b6be21b5,56.0,2577,Join Our Team – AuSM
20260526-120722,2026-05-26T12:07:22Z,gusto,bestdaybrewing.com,https://bestdaybrewing.com/pages/careers-opportunities,https://jobs.gusto.com/boards/best-day-brewing-03e6a1bc-d037-4dc1-9126-664fee7581fb,56.0,2166,Career Opportunities – Best Day Brewing
20260526-120722,2026-05-26T12:07:22Z,gusto,fringesport.com,https://www.fringesport.com/pages/job-opportunities,https://jobs.gusto.com/boards/fringe-sport-ab238d86-b8a4-47f5-bd91-aecdb9bfd61c,55.0,39425,eCommerce Careers - We're Hiring at Fringe Sport
20260526-120722,2026-05-26T12:07:22Z,gusto,letsbatch.com,https://letsbatch.com/careers,https://jobs.gusto.com/boards/batch-c7a292c4-31db-4e0b-9d15-acf560c901b7,55.0,23143,Careers | Batch
20260526-120722,2026-05-26T12:07:22Z,gusto,regrid.com,https://regrid.com/careers,https://jobs.gusto.com/boards/regrid-bringing-the-actionable-unit-of-geography-to-everyone-c265c805-0902-4628-bd27-d013fdcfb5bc,54.0,33630,Regrid Careers - Map your future with us!
20260526-120722,2026-05-26T12:07:22Z,gusto,glarity.app,https://askai.glarity.app/search/What-career-opportunities-are-available-at-Shah-s-Halal-Food,https://jobs.gusto.com/boards/shah-s-halal-food-e26d7484-27f4-4b21-8452-f18fdbbe7267,53.0,2489,What career opportunities are available at Shah's Halal Food? - Ask and Answer - Glarity
20260526-120722,2026-05-26T12:07:22Z,gusto,splendidspoon.com,https://splendidspoon.com/careers/,https://jobs.gusto.com/boards/splendid-spoon-c411835e-112e-4da8-b88c-7371e5be5558,52.0,9677,
20260526-120722,2026-05-26T12:07:22Z,gusto,sullivansupply.com,https://pulse.sullivansupply.com/showman-is-hiring/,https://jobs.gusto.com/boards/showman-61028a22-fcff-4867-af5a-ae6e5fab9dbd?fbclid=IwZXh0bgNhZW0CMTAAAR0i_oZuq68Drs7JF5F0hAyqXg8MJLO7T8a-eyPFQwY6auDwPlh0yvOoXSU_aem_AfiZjzQUH-h7jxtG88_uKpJW5ifUHX97nw5csu-OKvrich4qRbwfTrtTl2yLjHdvwTTBWqeEAhgSw582B35H6NdB,52.0,25819,Showman is Hiring! | The Pulse
20260526-120722,2026-05-26T12:07:22Z,gusto,foxhoundbeecompany.com,https://www.foxhoundbeecompany.com/es-ca/pages/beekeeping-jobs,https://jobs.gusto.com/boards/foxhound-bee-company-llc-cecb4c28-97bc-4de9-ac0b-703db2fbae15,51.0,41567,Foxhound Bee Company Positions
20260526-120722,2026-05-26T12:07:22Z,gusto,threebirdnest.com,https://www.threebirdnest.com/pages/three-bird-nest-careers,https://jobs.gusto.com/boards/three-bird-nest-d62ff50b-ff10-4325-8583-03251ed0757b,51.0,66004,Careers - Join Our Team! – Three Bird Nest
20260526-120722,2026-05-26T12:07:22Z,gusto,switchyards.com,https://switchyards.com/careers,https://jobs.gusto.com/boards/switchyards-inc-53b85507-2487-42ff-87a2-196907c98839,51.0,4748,
20260526-120722,2026-05-26T12:07:22Z,gusto,geartrade.com,https://geartrade.com/products/burton-talent-scout-snowboard-2023-womens-1028329,https://jobs.gusto.com/boards/geartrade-75ce8a11-24ca-4527-8570-88aadf64c05d,51.0,39747,Burton Talent Scout Snowboard 2023 - Women's – Geartrade.com
20260526-120722,2026-05-26T12:07:22Z,gusto,craftsbury.com,https://www.craftsbury.com/downloads-tools/job-openings,https://jobs.gusto.com/boards/craftsbury-outdoor-center-8cc2e860-3f42-43fc-9439-e2a98d779b5a,51.0,8043,Job Openings — Craftsbury Outdoor Center
20260526-120722,2026-05-26T12:07:22Z,gusto,societyforclassicallearning.org,https://societyforclassicallearning.org/employment/,https://jobs.gusto.com/boards/the-society-for-classical-learning-a5f7f6a7-2eb6-4d42-940e-46ad1c10b1c2,50.0,2710,Employment Opportunities - Society for Classical Learning
20260526-120722,2026-05-26T12:07:22Z,gusto,briahammelinteriors.com,https://briahammelinteriors.com/careers/,https://jobs.gusto.com/boards/bria-hammel-interiors-llc-35a948c2-eb20-4e5e-8405-655ea574f294,50.0,1213,Careers | Bria Hammel Interiors
20260526-120722,2026-05-26T12:07:22Z,gusto,glopals.com,https://glopals.com/pages/sensoryjarbenefits,https://jobs.gusto.com/boards/the-glo-companies-072467ce-7fc5-42cd-9071-dec072be185d,49.0,1847,Sensory Jar Landing Page – Glo Pals
20260526-120722,2026-05-26T12:07:22Z,gusto,arena.run,https://jobs.arena.run/jobs/fundraising-associate-rec-kv-kr-t72ab-jk-89n/,https://jobs.gusto.com/boards/reflex-strategy-group-32b96eca-3174-4cb3-b530-13afbf355d59,48.0,2397,
20260526-120722,2026-05-26T12:07:22Z,gusto,atlantamotorsportspark.com,https://www.atlantamotorsportspark.com/careers-at-amp/,https://jobs.gusto.com/boards/motorsports-ambulatory-services-50f6496a-e0ce-4d8a-b0fc-b281818d147e,48.0,7289,Careers At AMP | Atlanta Motorsports Park
20260526-120722,2026-05-26T12:07:22Z,gusto,flyquest.gg,https://flyquest.gg/pages/careers,https://jobs.gusto.com/boards/flyquest-fa5ad5d8-6b14-4c08-a3f4-b2b03eb94f44,48.0,4036,Careers – FlyQuest
20260526-120722,2026-05-26T12:07:22Z,gusto,milanartinstitute.com,https://learning.milanartinstitute.com/7-steps-to-achieving-a-career-in-art,https://jobs.gusto.com/boards/careers-83c337c1-e97a-4a82-9186-37156f1d95c4,48.0,24150,7 Steps to Achieving a Career in Art
20260526-120722,2026-05-26T12:07:22Z,gusto,teysgroup.com,https://us.teysgroup.com/careers/,https://jobs.gusto.com/boards/teys-usa-inc-0ee41161-fccf-4dea-8376-8332f22aed79,47.0,4311,Careers at Teys USA - Teys USA
20260526-120722,2026-05-26T12:07:22Z,gusto,meanwhilebeer.com,https://www.meanwhilebeer.com/careers/bartender-barback,https://jobs.gusto.com/boards/meanwhile-brewing-company-llc-fe4b7333-2c4f-430d-9542-8341473339a4,47.0,1954,Meanwhile Brewing Co. | PT Bartender / Barback
20260526-120722,2026-05-26T12:07:22Z,gusto,gordonlaw.com,https://gordonlaw.com/careers/,https://jobs.gusto.com/boards/gordon-law-group-ltd-bdf92d8f-4b1b-4991-b092-d9e624e89701,47.0,10325,"Careers | Gordon Law | Tax, Crypto, and Business Law"
20260526-120722,2026-05-26T12:07:22Z,gusto,upgrow.io,https://www.upgrow.io/careers/,https://jobs.gusto.com/boards/upgrow-69491207-67ca-468c-8de0-11388247537f,47.0,5153,Upgrow Digital Marketing Jobs | Remote US Careers
20260526-120722,2026-05-26T12:07:22Z,gusto,hits96.com,https://www.hits96.com/chattanooga-lookouts-host-annual-hiring-fair-at-att-field/,https://jobs.gusto.com/boards/chattanooga-lookouts-94414c3f-0add-4939-ba57-69ddc6117458,47.0,1067,Chattanooga Lookouts Host Annual Hiring Fair at AT&T Field - Hits 96 | WDOD-FM
20260526-120722,2026-05-26T12:07:22Z,gusto,meltrotter.org,https://www.meltrotter.org/about/careers/,https://jobs.gusto.com/boards/mel-trotter-mission-thrift-llc-b8a573ea-7a2a-4117-b24d-5a06de8db7ab,46.0,2231,Careers - Mel Trotter Ministries
20260526-120722,2026-05-26T12:07:22Z,gusto,tcare.ai,https://www.tcare.ai/about/careers,https://jobs.gusto.com/boards/tcare-inc-5cd36c41-e3ff-4b81-b86a-2e59420a71c1,45.0,1580,Careers at TCARE | Join Our Mission-Driven Team
20260526-120722,2026-05-26T12:07:22Z,gusto,esprovisions.com,https://fsd.esprovisions.com/pages/careers,https://jobs.gusto.com/boards/eastern-standard-provisions-4bce752f-3fef-4386-ac3b-b37d0d87e55e,45.0,1200,Careers – Food Service Direct
20260526-120722,2026-05-26T12:07:22Z,gusto,adjusterpro.com,https://staging.adjusterpro.com/adjusterpro-is-hiring-a-systems-data-analyst/,https://jobs.gusto.com/boards/adjusterpro-cabb87e5-45c3-4f62-8bd8-442c72b260ef,44.0,19325,AdjusterPro is Hiring — AdjusterPro®
20260526-120722,2026-05-26T12:07:22Z,gusto,2819church.org,https://2819church.org/connect/careers,https://jobs.gusto.com/boards/2819-church-inc-c16a761c-46d9-4d6d-9307-e655beb0e2ee,43.0,14999,2819 Church - Join Our Team
20260526-120722,2026-05-26T12:07:22Z,gusto,thetravelagency.co,https://www.thetravelagency.co/careers,https://jobs.gusto.com/boards/harbour-community-40d94346-f471-4e51-a633-b8b807e394d7,43.0,27128,Careers | The Travel Agency NYC
20260526-120722,2026-05-26T12:07:22Z,gusto,gvbbiopharma.com,https://www.gvbbiopharma.com/careers/,https://jobs.gusto.com/boards/gvb-biopharma-49aed992-14e5-4fc5-90d7-d21727cf6d8c,42.0,5960,
20260526-120722,2026-05-26T12:07:22Z,gusto,pilotprojectbrewing.com,https://www.pilotprojectbrewing.com/jobs,https://jobs.gusto.com/boards/pilot-project-brewing-company-8970223b-7129-48a9-961d-5eebc9d8949b,42.0,1484,Jobs | Join Our Team — Pilot Project
20260526-120722,2026-05-26T12:07:22Z,gusto,buildingbeats.org,https://buildingbeats.org/work-with-us,https://jobs.gusto.com/boards/building-beats-bbc3dc0f-2e77-4a6e-b94d-bef569eb2e15,42.0,2097,Work With Us | Join Our Creative Team Today — Building Beats 2026
20260526-120722,2026-05-26T12:07:22Z,gusto,eclipsefoods.com,https://eclipsefoods.com/careers/,https://jobs.gusto.com/boards/eclipse-foods-co-4833763e-0f79-4c5a-999e-edee336cba57,41.0,6171,Careers - Non-Dairy Ice Cream - Eclipse Foods
20260526-120722,2026-05-26T12:07:22Z,gusto,buttehumane.org,https://buttehumane.org/employment/,https://jobs.gusto.com/boards/butte-humane-society-179536e2-76c1-4ed6-9320-ebb9d9bce9ee,41.0,2277,Employment Opportunities
20260526-120722,2026-05-26T12:07:22Z,gusto,studson.com,https://studson.com/en-ca/pages/careers,https://jobs.gusto.com/boards/studson-inc-49727d33-c663-4475-a7b8-dfce32818b4a,41.0,9230,Careers | STUDSON SAFETY
20260526-120722,2026-05-26T12:07:22Z,gusto,biotech-careers.org,https://www.biotech-careers.org/company/powbio,https://jobs.gusto.com/boards/pow-bio-d549529e-373b-434f-8dd5-8c309b711a18,40.0,13025,Pow.bio | Biotech Careers
20260526-120722,2026-05-26T12:07:22Z,gusto,inventwood.com,https://www.inventwood.com/careers,https://jobs.gusto.com/boards/inventwood-inc-035ecbf6-f463-4fc4-a9c0-2a79a780266d,39.0,4280,InventWood — Careers
20260526-120722,2026-05-26T12:07:22Z,gusto,pickleland.com,https://pickleland.com/hiring/,https://jobs.gusto.com/boards/pickleland-8a48d803-57d0-4411-bef8-14974751a6dd,38.0,4592,Careers - Pickleland
20260526-120722,2026-05-26T12:07:22Z,gusto,bousquetmountain.com,https://bousquetmountain.com/employees/,https://jobs.gusto.com/boards/fresh-powder-llc-2d47f972-c358-431d-8b98-3011949abf40,38.0,1416,Protected: Bousquet Employees - Bousquet Mountain
20260526-120722,2026-05-26T12:07:22Z,gusto,larissaloden.com,https://larissaloden.com/pages/careers,https://jobs.gusto.com/boards/larissa-loden-inc-673720d2-4c8f-455f-aca8-d985119928c3,38.0,2922,Careers at Larissa Loden | We're Hiring! | Come Work With Fellow Badasses
20260526-120722,2026-05-26T12:07:22Z,gusto,tacos1986.com,https://tacos1986.com/jobs,https://jobs.gusto.com/boards/tacos-1986-60525f7a-55bc-4bfb-a895-495a3e097364,37.0,2627,Jobs | Tacos 1986
20260526-120722,2026-05-26T12:07:22Z,gusto,formation.dev,https://formation.dev/careers,https://jobs.gusto.com/boards/formation-283d6e66-da90-43ed-9de8-d4d27953b5f7?pvs=4,37.0,3310,
20260526-120722,2026-05-26T12:07:22Z,gusto,livingvehicle.com,https://www.livingvehicle.com/careers,https://jobs.gusto.com/boards/living-vehicle-inc-c23957e1-8544-4fdb-b444-2f5f2f1454d4,37.0,5834,Living Vehicle Careers
20260526-120722,2026-05-26T12:07:22Z,gusto,digitalscientists.com,https://digitalscientists.com/careers/,https://jobs.gusto.com/boards/digital-scientists-llc-9b2b1c33-2860-4a2e-9d82-3284a399af12,37.0,1717,Careers | Digital Scientists
20260526-120722,2026-05-26T12:07:22Z,gusto,honeyhomes.com,https://www.honeyhomes.com/posts/the-smart-move-why-hiring-professionals-for-tv-mounting-is-worth-it,https://jobs.gusto.com/boards/honey-homes-04d95aa9-3d74-4829-8a29-9ae6f6502278,36.0,1370,Honey Homes
20260526-120722,2026-05-26T12:07:22Z,gusto,biopharmguy.com,https://mail.biopharmguy.com/links/career-by-location-texas.php,https://jobs.gusto.com/boards/constantiam-biosciences-5ef6c4aa-0b07-45a6-a40c-92928295a0a1,35.0,16670,Texas Biotech Pharma & Medical Device Companies - Career Pages
20260526-120722,2026-05-26T12:07:22Z,gusto,topstackresume.com,https://www.topstackresume.com/jobs,https://jobs.gusto.com/boards/topstack-resume-f656cca4-987a-4f3c-b013-db50e5061c37,35.0,1227,TopStack Resume | Jobs
20260526-120722,2026-05-26T12:07:22Z,gusto,foxandjanesalon.com,https://foxandjanesalon.com/hiring/,https://jobs.gusto.com/boards/fox-jane-east-village-33e29276-eb87-4d7c-82cc-0ad3bf490bab,34.0,2493,Job Openings at Fox and Jane Salon
20260526-120722,2026-05-26T12:07:22Z,gusto,thetapbeerbar.com,https://thetapbeerbar.com/careers/,https://jobs.gusto.com/boards/the-tap-west-lafayette-in-2e7f9760-2878-4d48-bca6-302795bc5912,34.0,1261,Jobs - The Tap
20260526-120722,2026-05-26T12:07:22Z,gusto,leavenworthadventurepark.com,https://www.leavenworthadventurepark.com/jobs,https://jobs.gusto.com/boards/leavenworth-adventure-park-llc-3200269b-7482-4ede-aeec-92b55eb07d3b,34.0,5230,Jobs | Leavenworth Adventure Park
20260526-120722,2026-05-26T12:07:22Z,gusto,bostonrealestateclass.com,https://www.bostonrealestateclass.com/posts/3-benefits-getting-your-real-estate-brokers-license-in-2023/,https://jobs.gusto.com/boards/freedom-trail-realty-school-inc-21dcbbfd-74d0-4c4a-90ac-3e59722b2413,33.0,3039,"3 Benefits Getting Your Real Estate Broker's License in 2023 - Freedom Trail Realty School, Inc."
20260526-120722,2026-05-26T12:07:22Z,gusto,infotainment.com,https://infotainment.com/pages/careers,https://jobs.gusto.com/boards/infotainment-com-6f1f37e3-403f-4535-b276-d42d8467bef0,33.0,12067,Careers at Infotainment.com | Join Our Team
20260526-120722,2026-05-26T12:07:22Z,gusto,sunstonetherapies.com,https://www.sunstonetherapies.com/about/careers/,https://jobs.gusto.com/boards/sunstone-therapies-cd7fc665-507c-44ea-a7b9-cf5069274150,32.0,1987,"Careers in Mental Health Research| Psychedelic-Assisted Therapy in Washington, DC Region | Sunstone Therapies"
20260526-120722,2026-05-26T12:07:22Z,gusto,calebhammer.com,https://calebhammer.com/careers,https://jobs.gusto.com/boards/hammer-media-llc-40ddeb66-b894-42c2-9191-94158e4b1a38,32.0,38504,
20260526-120722,2026-05-26T12:07:22Z,gusto,nextventuremotorsports.com,https://nextventuremotorsports.com/pages/careers,https://jobs.gusto.com/boards/next-venture-motorsports-a3d91be9-30fc-4624-89b7-56a925bd0b24,32.0,3574,Join Our Team | Careers at Next Venture Motorsports – Next Venture Motorsports LLC
20260526-120722,2026-05-26T12:07:22Z,gusto,hsmcwa.org,https://www.hsmcwa.org/careers.html,https://jobs.gusto.com/boards/humane-society-of-mason-county-b154df5f-7f1b-4430-9411-5cd3427c6fc0,31.0,1593,Careers - HUMANE SOCIETY OF MASON COUNTY
20260526-120722,2026-05-26T12:07:22Z,gusto,buildforce.com,https://www.buildforce.com/faq/can-i-use-staffing-agencies-for-long-term-projects-in-north-carolina,https://jobs.gusto.com/boards/buildforce-bf8286a5-5d24-48e6-9371-c73565ed233c,31.0,3331,Buildforce
20260526-120722,2026-05-26T12:07:22Z,gusto,offbase.co,https://offbase.co/pages/careers,https://jobs.gusto.com/boards/offbase-supply-co-560d31e6-1d16-41e6-af10-7c7b0cbc2609,31.0,4551,Careers – Offbase Supply Co.
20260526-120722,2026-05-26T12:07:22Z,gusto,meridian-ai.com,https://www.meridian-ai.com/careers,https://jobs.gusto.com/boards/meridian-ai-inc-0adf137f-cc0a-4a91-b117-ee0b5491c4ff,31.0,1306,Careers | Meridian AI
20260526-120722,2026-05-26T12:07:22Z,gusto,wakemakers.com,https://www.wakemakers.com/pages/careers,https://jobs.gusto.com/boards/wakemakers-b60fb91b-a371-4d0a-9c90-b6a1523d129f,30.0,9288,Careers – WakeMAKERS
20260526-120722,2026-05-26T12:07:22Z,gusto,wallderm.com,https://wallderm.com/careers/,https://jobs.gusto.com/boards/wall-dermatology-llc-1847f3bf-64ad-4fc4-91e3-a795eeb34c69,30.0,1610,Careers - Wall Dermatology
20260526-120722,2026-05-26T12:07:22Z,gusto,islandspasauna.com,https://www.islandspasauna.com/careers,https://jobs.gusto.com/boards/island-spa-sauna-8109202b-47eb-49f2-bdd3-7829acbbe967,30.0,10799,Careers — Island Spa and Sauna
20260526-120722,2026-05-26T12:07:22Z,gusto,okczooamp.com,https://okczooamp.com/jobs/,https://jobs.gusto.com/boards/the-zoo-amphitheatre-5d1a55fe-1499-44e4-a0a6-7ba7d1c12e3a,30.0,4585,"Jobs - The Zoo Amphitheatre | Since 1936 | Oklahoma City, OK"
20260526-120722,2026-05-26T12:07:22Z,gusto,citypopdenver.com,https://citypopdenver.com/pages/careers,https://jobs.gusto.com/boards/city-pop-de579824-ccae-492e-88b3-7787480bcca8,29.0,3257,Careers – City Pop
20260526-120722,2026-05-26T12:07:22Z,gusto,wallengaragedoors.com,https://www.wallengaragedoors.com/careers/,https://jobs.gusto.com/boards/wallen-garage-doors-e99d4fa7-6e3d-4f65-a667-9c0ab867fb5a,29.0,1086,Careers | Wallen Garage Door Repair and Installation
20260526-120722,2026-05-26T12:07:22Z,gusto,adalinaprime.com,https://www.adalinaprime.com/jobs/,https://jobs.gusto.com/boards/adalina-prime-841c79b8-d287-486c-a17a-0aa63d32cf92,29.0,5950,"Jobs | Adalina Prime in Chicago, IL"
20260526-120722,2026-05-26T12:07:22Z,gusto,jubileerailroad.com,https://www.jubileerailroad.com/hiring,https://jobs.gusto.com/boards/jubilee-railroad-wilderness-lodge-79c536fe-6d74-4357-9d2e-c41b5a479cd4,29.0,1914,Hiring | Discover Careers Today — Jubilee Railroad
20260526-120722,2026-05-26T12:07:22Z,gusto,cirrussocialclub.com,https://cirrussocialclub.com/cirrus-social-club-events/we-are-bringing-a-new-frequency-to-the-lounge-join-us-for-classic-hip-hop-sesh-where-we-pair-the-storied-beats-of-the-golden-era-with-the-first-class-hospitality-of-cirrus,https://jobs.gusto.com/boards/cirrus-social-club-840c2143-39a0-45aa-947b-960f35d102a5,29.0,4092,Classic Hip-Hop Sesh | Cirrus Social Club
20260526-120722,2026-05-26T12:07:22Z,gusto,asmsports.co,https://www.asmsports.co/company/careers,https://jobs.gusto.com/boards/athlete-sports-management-51cd0462-d690-4b56-89b3-be1f578edecc,29.0,3003,Careers
