run_id,fetched_at,vendor_slug,company_domain,url_from,url_to,tenant_id,domain_rating_source,traffic_domain,title
20260526-124530,2026-05-26T12:45:30Z,workday,rakuten.co.jp,https://total-solutions.rakuten.co.jp/careers/,https://www.myworkday.com/wday/drs/outage?t=rakuten&s=RakutenTotalSolutions,rakuten,93.0,77539048,採用情報 | 楽天トータルソリューションズ株式会社
20260526-124530,2026-05-26T12:45:30Z,workday,f5.com,https://www.f5.com/es_es/company/careers,https://wd5.myworkday.com/wday/drs/outage?t=ffive&s=f5jobs,ffive,93.0,378938,Careers | F5
20260526-124530,2026-05-26T12:45:30Z,workday,zillow.com,https://www.zillow.com/careers/engagement-and-belonging/,https://wd5.myworkday.com/wday/drs/outage?t=zillow&s=Zillow_Group_External,zillow,92.0,34315412,Engagement and Belonging - Zillow Careers
20260526-124530,2026-05-26T12:45:30Z,workday,walmart.com,https://careers.walmart.com/us/jobs/WD2290694-quality-assurance-associate,https://wd5.myworkday.com/wday/drs/outage?t=walmart&o=wd5pr-0003,walmart,92.0,53712360,Quality Assurance Associate | Walmart Careers
20260526-124530,2026-05-26T12:45:30Z,workday,finra.org,https://www.finra.org/careers,https://www.myworkday.com/finra/d/task/1422$1420.htmld,,91.0,548305,Careers
20260526-124530,2026-05-26T12:45:30Z,workday,pbs.org,https://www.pbs.org/about/careers/?gnk=job,https://wd115.myworkday.com/vhr_pbs/d/task/2998$46522.htmld,wd115,91.0,7012432,Careers at PBS
20260526-124530,2026-05-26T12:45:30Z,workday,mastercard.com,https://priceassure.mastercard.com/corporate/careers/available-opportunities.html,https://www.myworkday.com/wday/drs/outage?t=mastercard&s=Campus,mastercard,91.0,1798542,Careers at MasterCard at Worldwide Locations | What Opportunities are Available Now | MasterCard Corporate Home
20260526-124530,2026-05-26T12:45:30Z,workday,nvidia.com,https://www.nvidia.com/de-de/about-nvidia/university-recruiting/,https://wd5.myworkday.com/wday/drs/outage?t=nvidia&s=universityjobs,nvidia,91.0,9000553,"Praktika, Hochschulrekrutierung und Positionen für neue Absolventen | NVIDIA"
20260526-124530,2026-05-26T12:45:30Z,workday,pwc.com,https://www.pwc.com/ky/en/careers/job-search.html,https://wd3.myworkday.com/wday/drs/outage?t=pwc&s=Global_Experienced_Careers,pwc,91.0,1416519,PwC Cayman Islands - Careers job search
20260526-124530,2026-05-26T12:45:30Z,workday,target.com,https://corporate.target.com/careers/career-areas/corporate/administrative-support,https://wd5.myworkday.com/target/d/task/1c7a175445dc1000388e0927a6bdda42.htmld,wd5,91.0,38397828,Corporate Job Areas - Administrative Support
20260526-124530,2026-05-26T12:45:30Z,workday,accenture.com,https://www.accenture.com/jp-ja/careers/jobdetails?id=R00260792_ja,https://wd103.myworkday.com/wday/drs/outage?t=accenture&s=AccentureCareers,accenture,91.0,1603579,インダストリーコンサルタント（カスタマーフロント）【公共サービス・医療健康領域】 - ソング本部
20260526-124530,2026-05-26T12:45:30Z,workday,credly.com,https://www.credly.com/org/state-farm/badge/new-employee-career-milestone,https://www.myworkday.com/statefarm/d/task/23748$47.htmld,,91.0,179536,New Employee Career Milestone - Credly
20260526-124530,2026-05-26T12:45:30Z,workday,softbank.jp,https://www.softbank.jp/recruit/careernow/2020/166/,https://www.myworkday.com/wday/drs/outage?t=monotype&s=Monotype,monotype,90.0,3917629,医学部からソフトバンクへ──ユニークな経歴を持つ3年目女性社員が描くキャリアとは | SoftBank キャリアNOW! | ソフトバンク
20260526-124530,2026-05-26T12:45:30Z,workday,blackberry.com,https://www.blackberry.com/fr/careers,https://wd3.myworkday.com/wday/drs/outage?t=bb&s=BlackBerry,bb,90.0,320523,"Carrières chez BlackBerry — Emplois dans le domaine technologique, stages étudiants et stages professionnels"
20260526-124530,2026-05-26T12:45:30Z,workday,philips.com,https://www.careers.philips.com/student/global/en/job/579771/Werkstudent-Supply-Chain-Management-all-genders,https://wd3.myworkday.com/philips/d/task/1422$6181.htmld,wd3,88.0,1110696,"Werkstudent Supply Chain Management (all genders) job in Hamburg, Hamburg, Germany | Internship & Apprenticeship jobs at Philips Students Careers"
